{
  "bounds": {
    "x_min": -490.7697448730469,
    "x_max": 484.4060974120772,
    "y_min": -391.08935546875,
    "y_max": 388.96844482421795
  },
  "total_duration_ms": 2650900,
  "sample_rate_ms": 10,
  "car_ids": [
    "GR86-002-000",
    "GR86-006-7",
    "GR86-010-16",
    "GR86-015-31",
    "GR86-016-55",
    "GR86-022-13",
    "GR86-025-47",
    "GR86-026-72",
    "GR86-030-18",
    "GR86-033-46",
    "GR86-036-98",
    "GR86-038-93",
    "GR86-040-3",
    "GR86-047-21",
    "GR86-049-88",
    "GR86-060-2",
    "GR86-063-113",
    "GR86-065-5"
  ],
  "colors": {
    "GR86-002-000": [
      255,
      68,
      68
    ],
    "GR86-006-7": [
      68,
      255,
      68
    ],
    "GR86-010-16": [
      68,
      68,
      255
    ],
    "GR86-015-31": [
      255,
      255,
      68
    ],
    "GR86-016-55": [
      255,
      68,
      255
    ],
    "GR86-022-13": [
      68,
      255,
      255
    ],
    "GR86-025-47": [
      255,
      136,
      68
    ],
    "GR86-026-72": [
      136,
      255,
      68
    ],
    "GR86-030-18": [
      255,
      136,
      255
    ],
    "GR86-033-46": [
      136,
      68,
      255
    ],
    "GR86-036-98": [
      255,
      200,
      68
    ],
    "GR86-038-93": [
      68,
      200,
      255
    ],
    "GR86-040-3": [
      200,
      68,
      255
    ],
    "GR86-047-21": [
      255,
      68,
      136
    ],
    "GR86-049-88": [
      68,
      255,
      136
    ],
    "GR86-060-2": [
      136,
      136,
      255
    ],
    "GR86-063-113": [
      255,
      136,
      136
    ],
    "GR86-065-5": [
      136,
      255,
      255
    ]
  },
  "per_car_racing_lines": true,
  "racing_line_points": 30000,
  "racing_line_metadata": {
    "GR86-002-000": {
      "lap_length_m": 3677.99999999791
    },
    "GR86-006-7": {
      "lap_length_m": 3697.0
    },
    "GR86-010-16": {
      "lap_length_m": 3680.9999999958095
    },
    "GR86-015-31": {
      "lap_length_m": 3692.5
    },
    "GR86-016-55": {
      "lap_length_m": 3678.499999998809
    },
    "GR86-022-13": {
      "lap_length_m": 3683.9999999999995
    },
    "GR86-025-47": {
      "lap_length_m": 3681.7749999999937
    },
    "GR86-026-72": {
      "lap_length_m": 3686.9999999958163
    },
    "GR86-030-18": {
      "lap_length_m": 3700.0
    },
    "GR86-033-46": {
      "lap_length_m": 3683.9999999999973
    },
    "GR86-036-98": {
      "lap_length_m": 3681.0
    },
    "GR86-038-93": {
      "lap_length_m": 3684.999999997902
    },
    "GR86-040-3": {
      "lap_length_m": 3684.4999999999945
    },
    "GR86-047-21": {
      "lap_length_m": 3691.499999997899
    },
    "GR86-049-88": {
      "lap_length_m": 3685.999999999998
    },
    "GR86-060-2": {
      "lap_length_m": 3679.0
    },
    "GR86-063-113": {
      "lap_length_m": 3688.0
    },
    "GR86-065-5": {
      "lap_length_m": 3685.0
    }
  },
  "trajectory_columns": 11,
  "separate_brake_channels": true
}